{
  "title": "Korean Girl Voice Model - Nell for the Weights.GG (KLM4.3 x4)",
  "author": {
    "name": "SeoulStreamingStation"
  },
  "md5": "437f4b27f0cfc15089711a69804c38b2",
  "uploadedAt": "2024-12-29T16:34:19.362Z",
  "weightsLink": "https://www.weights.gg/models/cm59tz04j0e7ck318imhi136f",
  "id": "cm59tz04j0e7ck318imhi136f",
  "type": "v2",
  "tags": [
    "RVC v2"
  ],
  "description": "This model is a tweaked version designed for creating cover music directly on Weights.gg or generating songs created by Suno directly through Weights.gg.\n\nTo use this model on other forks like Applio or Mainline, please download the model available on the AI Hub Discord.",
  "samples": [],
  "files": [
    {
      "name": "model.pth",
      "size": 55236264,
      "md5": "437f4b27f0cfc15089711a69804c38b2"
    }
  ],
  "torchMetadata": {
    "config": {
      "spec_channels": 1025,
      "segment_size": 32,
      "inter_channels": 192,
      "hidden_channels": 192,
      "filter_channels": 768,
      "n_heads": 2,
      "n_layers": 6,
      "kernel_size": 3,
      "p_dropout": 0,
      "resblock": "1",
      "resblock_kernel_sizes": [
        3,
        7,
        11
      ],
      "resblock_dilation_sizes": [
        [
          1,
          3,
          5
        ],
        [
          1,
          3,
          5
        ],
        [
          1,
          3,
          5
        ]
      ],
      "upsample_rates": [
        10,
        10,
        2,
        2
      ],
      "upsample_initial_channel": 512,
      "upsample_kernel_sizes": [
        16,
        16,
        4,
        4
      ],
      "emb_channels": null,
      "spk_embed_dim": 109,
      "gin_channels": 256,
      "sr": 40000
    },
    "f0": true,
    "version": "v2",
    "extra_info": {
      "config": [
        1025,
        32,
        192,
        192,
        768,
        2,
        6,
        3,
        0,
        "1",
        [
          3,
          7,
          11
        ],
        [
          [
            1,
            3,
            5
          ],
          [
            1,
            3,
            5
          ],
          [
            1,
            3,
            5
          ]
        ],
        [
          10,
          10,
          2,
          2
        ],
        512,
        [
          16,
          16,
          4,
          4
        ],
        109,
        256,
        40000
      ],
      "epoch": 1500,
      "step": 171000,
      "sr": 40000,
      "f0": true,
      "version": "v2",
      "creation_date": "2024-12-30T01:25:07.760909",
      "model_hash": "748eb825bbb1fdc5c4931294ba7911692419c3273a36ca995057da9f4ccfdd3e",
      "overtrain_info": "",
      "dataset_lenght": "00:38:59",
      "model_name": "NELL_KLM43x5_Test",
      "author": "None",
      "embedder_model": "contentvec",
      "speakers_id": 3
    },
    "epochs": 1500,
    "step": 171000,
    "creation_date": "2024-12-30T01:25:07.760909",
    "model_hash": "748eb825bbb1fdc5c4931294ba7911692419c3273a36ca995057da9f4ccfdd3e"
  },
  "url": "https://models.weights.gg/9a084bf8-a678-4401-bdb8-484d7ed2ce89.zip",
  "urls": [],
  "epochs": 1500,
  "originalFileList": [
    "Voice_NELL_KLM43x4_v2.pth"
  ]
}